<?xml version="1.0" encoding="UTF-8"?>
<project xmlns="http://maven.apache.org/POM/4.0.0" xmlns:xsi="http://www.w3.org/2001/XMLSchema-instance" xsi:schemaLocation="http://maven.apache.org/POM/4.0.0 http://maven.apache.org/maven-v4_0_0.xsd">
  <modelVersion>4.0.0</modelVersion>
  <groupId>com.cirruslink.example</groupId>
  <artifactId>raspberry_pi_example</artifactId>
  <name>Maven Quick Start Archetype</name>
  <version>1.0.4</version>
  <url>http://maven.apache.org</url>
  <build>
    <plugins>
      <plugin>
        <artifactId>maven-compiler-plugin</artifactId>
        <version>2.3.2</version>
        <configuration>
          <source>1.7</source>
          <target>1.7</target>
          <encoding>UTF-8</encoding>
        </configuration>
      </plugin>
      <plugin>
        <artifactId>maven-shade-plugin</artifactId>
        <version>2.4.1</version>
        <executions>
          <execution>
            <phase>package</phase>
            <goals>
              <goal>shade</goal>
            </goals>
            <configuration>
              <filters>
                <filter>
                  <artifact>*:*</artifact>
                  <excludes>
                    <exclude>META-INF/*.SF</exclude>
                    <exclude>META-INF/*.DSA</exclude>
                    <exclude>META-INF/*.RSA</exclude>
                  </excludes>
                </filter>
              </filters>
              <transformers>
                <transformer>
                  <mainClass>com.cirruslink.example.SparkplugRaspberryPiExample</mainClass>
                </transformer>
                <transformer />
              </transformers>
            </configuration>
          </execution>
        </executions>
      </plugin>
      <plugin>
        <groupId>org.codehaus.mojo</groupId>
        <artifactId>license-maven-plugin</artifactId>
        <version>1.8</version>
        <executions>
          <execution>
            <id>add-third-party</id>
            <phase>package</phase>
            <goals>
              <goal>add-third-party</goal>
              <goal>download-licenses</goal>
            </goals>
            <configuration>
              <useMissingFile>true</useMissingFile>
              <excludedScopes>test</excludedScopes>
              <excludedGroups>(com.cirruslink*)</excludedGroups>
              <licenseMerges>
                <licenseMerge>The Apache Software License, Version 2.0|Apache License, Version
                                    2.0|Apache Public License 2.0|Apache License 2.0|Apache Software License - Version
                                    2.0</licenseMerge>
              </licenseMerges>
            </configuration>
          </execution>
        </executions>
      </plugin>
    </plugins>
  </build>
  <dependencies>
    <dependency>
      <groupId>junit</groupId>
      <artifactId>junit</artifactId>
      <version>4.8.2</version>
      <scope>test</scope>
    </dependency>
  </dependencies>
</project>

